Aylan person-0,Aylan-0@Zoho-Campaigns.com,Farmer,01-08-2006
Sohan person-1,Sohan-1@Omnisend.com,Doctor,19-01-2000
Youssef person-2,Youssef-2@Sender.com,Professor,15-01-2018
Issa person-3,Issa-3@Benchmark.com,Professor,15-01-2018
Kayden person-4,Kayden-4@AWeber.com,Doctor,19-01-2000
Ali person-5,Ali-5@EmailOctopus.com,Farmer,01-08-2006
Youssef person-6,Youssef-6@EmailOctopus.com,Doctor,19-01-2000
Kassim person-7,Kassim-7@Kit.com,Professor,15-01-2018
Ali person-8,Ali-8@Beehiiv.com,Doctor,19-01-2000
Zayn person-9,Zayn-9@Kit.com,Engineer,22-11-1990
Ayoub person-10,Ayoub-10@Mailchimp.com,Farmer,01-08-2006
Sohan person-11,Sohan-11@SmartrMail.com,Farmer,01-08-2006
Ilyes person-12,Ilyes-12@Mailchimp.com,Farmer,01-08-2006
Mohamed person-13,Mohamed-13@Brevo.com,Farmer,01-08-2006
Ismael person-14,Ismael-14@HubSpot.com,Farmer,01-08-2006
Anas person-15,Anas-15@SmartrMail.com,Doctor,19-01-2000
Anas person-16,Anas-16@Benchmark.com,Doctor,19-01-2000
Imran person-17,Imran-17@HubSpot.com,Engineer,22-11-1990
Issa person-18,Issa-18@Benchmark.com,Doctor,19-01-2000
Amir person-19,Amir-19@SendPulse.com,Professor,15-01-2018
Haroun person-20,Haroun-20@Sender.com,Professor,15-01-2018
Youssef person-21,Youssef-21@AWeber.com,Farmer,01-08-2006
Ismael person-22,Ismael-22@Kit.com,Engineer,22-11-1990
Ayoub person-23,Ayoub-23@Sender.com,Professor,15-01-2018
Younes person-24,Younes-24@Beehiiv.com,Professor,15-01-2018
Naim person-25,Naim-25@Mailjet.com,Professor,15-01-2018
Ilyan person-26,Ilyan-26@EmailOctopus.com,Professor,15-01-2018
Amir person-27,Amir-27@Beehiiv.com,Doctor,19-01-2000
Ilyan person-28,Ilyan-28@Beehiiv.com,Professor,15-01-2018
Ilyes person-29,Ilyes-29@Beehiiv.com,Professor,15-01-2018
Issa person-30,Issa-30@Mailchimp.com,Engineer,22-11-1990
Nahil person-31,Nahil-31@AWeber.com,Professor,15-01-2018
Kayden person-32,Kayden-32@Mailchimp.com,Farmer,01-08-2006
Hamza person-33,Hamza-33@HubSpot.com,Farmer,01-08-2006
Issa person-34,Issa-34@Mailchimp.com,Engineer,22-11-1990
Mohamed person-35,Mohamed-35@Zoho-Campaigns.com,Engineer,22-11-1990
Aylan person-36,Aylan-36@GetResponse.com,Farmer,01-08-2006
Ayoub person-37,Ayoub-37@AWeber.com,Farmer,01-08-2006
Nael person-38,Nael-38@EmailOctopus.com,Professor,15-01-2018
Ilyes person-39,Ilyes-39@Sender.com,Farmer,01-08-2006
Kais person-40,Kais-40@AWeber.com,Farmer,01-08-2006
Ilyan person-41,Ilyan-41@SmartrMail.com,Doctor,19-01-2000
Aylan person-42,Aylan-42@AWeber.com,Engineer,22-11-1990
Ayoub person-43,Ayoub-43@SmartrMail.com,Farmer,01-08-2006
Zayn person-44,Zayn-44@GetResponse.com,Farmer,01-08-2006
Kais person-45,Kais-45@Zoho-Campaigns.com,Doctor,19-01-2000
Soan person-46,Soan-46@GetResponse.com,Farmer,01-08-2006
Kais person-47,Kais-47@Mailchimp.com,Doctor,19-01-2000
Ismael person-48,Ismael-48@MailerLite.com,Doctor,19-01-2000
Ali person-49,Ali-49@Benchmark.com,Engineer,22-11-1990
Younes person-50,Younes-50@Mailchimp.com,Doctor,19-01-2000
Ilyes person-51,Ilyes-51@Sender.com,Doctor,19-01-2000
Soan person-52,Soan-52@Sender.com,Farmer,01-08-2006
Ayoub person-53,Ayoub-53@Mailjet.com,Farmer,01-08-2006
Anas person-54,Anas-54@Mailjet.com,Engineer,22-11-1990
Issa person-55,Issa-55@Omnisend.com,Doctor,19-01-2000
Youssef person-56,Youssef-56@Brevo.com,Doctor,19-01-2000
Ali person-57,Ali-57@Beehiiv.com,Farmer,01-08-2006
Sohan person-58,Sohan-58@MailerLite.com,Doctor,19-01-2000
Nael person-59,Nael-59@Omnisend.com,Doctor,19-01-2000
Imran person-60,Imran-60@SendPulse.com,Engineer,22-11-1990
Rayan person-61,Rayan-61@Kit.com,Professor,15-01-2018
Ayoub person-62,Ayoub-62@GetResponse.com,Professor,15-01-2018
Zakaria person-63,Zakaria-63@Sender.com,Engineer,22-11-1990
Ayoub person-64,Ayoub-64@Omnisend.com,Engineer,22-11-1990
Youssef person-65,Youssef-65@Mailchimp.com,Professor,15-01-2018
Soan person-66,Soan-66@SendPulse.com,Doctor,19-01-2000
Naim person-67,Naim-67@Sender.com,Doctor,19-01-2000
Soan person-68,Soan-68@Beehiiv.com,Farmer,01-08-2006
Kais person-69,Kais-69@SendPulse.com,Farmer,01-08-2006
Sohan person-70,Sohan-70@HubSpot.com,Doctor,19-01-2000
Rayan person-71,Rayan-71@Mailchimp.com,Farmer,01-08-2006
Zayn person-72,Zayn-72@Benchmark.com,Engineer,22-11-1990
Ibrahim person-73,Ibrahim-73@MailerLite.com,Professor,15-01-2018
Noam person-74,Noam-74@Benchmark.com,Professor,15-01-2018
Amir person-75,Amir-75@GetResponse.com,Professor,15-01-2018
Ilyan person-76,Ilyan-76@Mailjet.com,Farmer,01-08-2006
Hamza person-77,Hamza-77@HubSpot.com,Professor,15-01-2018
Kassim person-78,Kassim-78@Zoho-Campaigns.com,Engineer,22-11-1990
Ismail person-79,Ismail-79@Mailjet.com,Farmer,01-08-2006
Aylan person-80,Aylan-80@SmartrMail.com,Professor,15-01-2018
Zakaria person-81,Zakaria-81@GetResponse.com,Doctor,19-01-2000
Aylan person-82,Aylan-82@Mailchimp.com,Professor,15-01-2018
Ilyan person-83,Ilyan-83@SendPulse.com,Farmer,01-08-2006
Aylan person-84,Aylan-84@Zoho-Campaigns.com,Engineer,22-11-1990
Issa person-85,Issa-85@Omnisend.com,Engineer,22-11-1990
Younes person-86,Younes-86@MailerLite.com,Professor,15-01-2018
Zakaria person-87,Zakaria-87@Zoho-Campaigns.com,Doctor,19-01-2000
Sohan person-88,Sohan-88@GetResponse.com,Professor,15-01-2018
Rayan person-89,Rayan-89@Omnisend.com,Professor,15-01-2018
Nael person-90,Nael-90@Mailchimp.com,Engineer,22-11-1990
Imran person-91,Imran-91@Zoho-Campaigns.com,Doctor,19-01-2000
Youssef person-92,Youssef-92@HubSpot.com,Doctor,19-01-2000
Sohan person-93,Sohan-93@Sender.com,Engineer,22-11-1990
Zakaria person-94,Zakaria-94@HubSpot.com,Engineer,22-11-1990
Ilyan person-95,Ilyan-95@GetResponse.com,Doctor,19-01-2000
Zakaria person-96,Zakaria-96@Kit.com,Professor,15-01-2018
Aylan person-97,Aylan-97@Kit.com,Doctor,19-01-2000
Ayoub person-98,Ayoub-98@AWeber.com,Engineer,22-11-1990
Rayan person-99,Rayan-99@Mailchimp.com,Farmer,01-08-2006
Ibrahim person-100,Ibrahim-100@AWeber.com,Doctor,19-01-2000
Sohan person-101,Sohan-101@AWeber.com,Farmer,01-08-2006
Aylan person-102,Aylan-102@MailerLite.com,Engineer,22-11-1990
Ismail person-103,Ismail-103@Mailchimp.com,Professor,15-01-2018
Younes person-104,Younes-104@Mailchimp.com,Engineer,22-11-1990
Aylan person-105,Aylan-105@Omnisend.com,Doctor,19-01-2000
Aylan person-106,Aylan-106@GetResponse.com,Professor,15-01-2018
Noam person-107,Noam-107@Omnisend.com,Engineer,22-11-1990
Ali person-108,Ali-108@Sender.com,Professor,15-01-2018
Ilyan person-109,Ilyan-109@GetResponse.com,Doctor,19-01-2000
Hamza person-110,Hamza-110@Kit.com,Doctor,19-01-2000
Issa person-111,Issa-111@MailerLite.com,Engineer,22-11-1990
Ilyes person-112,Ilyes-112@Zoho-Campaigns.com,Farmer,01-08-2006
Ilyes person-113,Ilyes-113@EmailOctopus.com,Doctor,19-01-2000
Kassim person-114,Kassim-114@Mailjet.com,Professor,15-01-2018
Imran person-115,Imran-115@Sender.com,Doctor,19-01-2000
Zakaria person-116,Zakaria-116@EmailOctopus.com,Farmer,01-08-2006
Kayden person-117,Kayden-117@SendPulse.com,Doctor,19-01-2000
Nael person-118,Nael-118@Benchmark.com,Engineer,22-11-1990
Issa person-119,Issa-119@Benchmark.com,Farmer,01-08-2006
Mohamed person-120,Mohamed-120@SendPulse.com,Professor,15-01-2018
Kais person-121,Kais-121@Benchmark.com,Professor,15-01-2018
Ismail person-122,Ismail-122@Benchmark.com,Doctor,19-01-2000
Kayden person-123,Kayden-123@EmailOctopus.com,Doctor,19-01-2000
Mohamed person-124,Mohamed-124@SendPulse.com,Farmer,01-08-2006
Issa person-125,Issa-125@Zoho-Campaigns.com,Professor,15-01-2018
Kais person-126,Kais-126@HubSpot.com,Doctor,19-01-2000
Hamza person-127,Hamza-127@Benchmark.com,Professor,15-01-2018
Anas person-128,Anas-128@Brevo.com,Farmer,01-08-2006
Anas person-129,Anas-129@Brevo.com,Engineer,22-11-1990
Ismail person-130,Ismail-130@EmailOctopus.com,Farmer,01-08-2006
Kais person-131,Kais-131@SmartrMail.com,Doctor,19-01-2000
Ayoub person-132,Ayoub-132@AWeber.com,Professor,15-01-2018
Zakaria person-133,Zakaria-133@Brevo.com,Engineer,22-11-1990
Ilyan person-134,Ilyan-134@Mailchimp.com,Doctor,19-01-2000
Kais person-135,Kais-135@Zoho-Campaigns.com,Professor,15-01-2018
Ilyan person-136,Ilyan-136@Sender.com,Doctor,19-01-2000
Imran person-137,Imran-137@HubSpot.com,Professor,15-01-2018
Kassim person-138,Kassim-138@Omnisend.com,Professor,15-01-2018
Haroun person-139,Haroun-139@Beehiiv.com,Farmer,01-08-2006
Ismail person-140,Ismail-140@AWeber.com,Doctor,19-01-2000
Amir person-141,Amir-141@EmailOctopus.com,Doctor,19-01-2000
Imran person-142,Imran-142@Brevo.com,Professor,15-01-2018
Amir person-143,Amir-143@Omnisend.com,Professor,15-01-2018
Nael person-144,Nael-144@MailerLite.com,Farmer,01-08-2006
Amir person-145,Amir-145@AWeber.com,Farmer,01-08-2006
Ali person-146,Ali-146@Kit.com,Doctor,19-01-2000
Ilyes person-147,Ilyes-147@SendPulse.com,Engineer,22-11-1990
Zakaria person-148,Zakaria-148@MailerLite.com,Doctor,19-01-2000
Kayden person-149,Kayden-149@AWeber.com,Doctor,19-01-2000
Ayoub person-150,Ayoub-150@Omnisend.com,Farmer,01-08-2006
Zayn person-151,Zayn-151@MailerLite.com,Professor,15-01-2018
Naim person-152,Naim-152@Mailjet.com,Engineer,22-11-1990
Anas person-153,Anas-153@Mailchimp.com,Engineer,22-11-1990
Ali person-154,Ali-154@Beehiiv.com,Farmer,01-08-2006
Rayan person-155,Rayan-155@Benchmark.com,Farmer,01-08-2006
Soan person-156,Soan-156@Benchmark.com,Doctor,19-01-2000
Aylan person-157,Aylan-157@SmartrMail.com,Engineer,22-11-1990
Imran person-158,Imran-158@SendPulse.com,Doctor,19-01-2000
Nahil person-159,Nahil-159@Mailjet.com,Professor,15-01-2018
Anas person-160,Anas-160@MailerLite.com,Doctor,19-01-2000
Noam person-161,Noam-161@HubSpot.com,Engineer,22-11-1990
Ilyes person-162,Ilyes-162@Mailchimp.com,Farmer,01-08-2006
Aylan person-163,Aylan-163@SendPulse.com,Engineer,22-11-1990
Noam person-164,Noam-164@EmailOctopus.com,Engineer,22-11-1990
Sohan person-165,Sohan-165@Zoho-Campaigns.com,Engineer,22-11-1990
Ibrahim person-166,Ibrahim-166@MailerLite.com,Farmer,01-08-2006
Issa person-167,Issa-167@AWeber.com,Farmer,01-08-2006
Imran person-168,Imran-168@Mailchimp.com,Engineer,22-11-1990
Issa person-169,Issa-169@SendPulse.com,Professor,15-01-2018
Ismail person-170,Ismail-170@SendPulse.com,Farmer,01-08-2006
Ali person-171,Ali-171@SmartrMail.com,Professor,15-01-2018
Ali person-172,Ali-172@GetResponse.com,Engineer,22-11-1990
Nahil person-173,Nahil-173@EmailOctopus.com,Farmer,01-08-2006
Nael person-174,Nael-174@SendPulse.com,Engineer,22-11-1990
Kais person-175,Kais-175@Mailchimp.com,Doctor,19-01-2000
Issa person-176,Issa-176@Benchmark.com,Farmer,01-08-2006
Soan person-177,Soan-177@Benchmark.com,Farmer,01-08-2006
Ismail person-178,Ismail-178@HubSpot.com,Engineer,22-11-1990
Ilyes person-179,Ilyes-179@Sender.com,Professor,15-01-2018
Ilyes person-180,Ilyes-180@SendPulse.com,Doctor,19-01-2000
Ilyes person-181,Ilyes-181@Kit.com,Farmer,01-08-2006
Kassim person-182,Kassim-182@HubSpot.com,Doctor,19-01-2000
Ilyan person-183,Ilyan-183@Omnisend.com,Engineer,22-11-1990
Hamza person-184,Hamza-184@AWeber.com,Doctor,19-01-2000
Soan person-185,Soan-185@Mailjet.com,Doctor,19-01-2000
Imran person-186,Imran-186@Mailchimp.com,Engineer,22-11-1990
Ismail person-187,Ismail-187@Mailchimp.com,Engineer,22-11-1990
Ismail person-188,Ismail-188@Zoho-Campaigns.com,Engineer,22-11-1990
Ilyan person-189,Ilyan-189@SmartrMail.com,Engineer,22-11-1990
Youssef person-190,Youssef-190@Omnisend.com,Professor,15-01-2018
Sohan person-191,Sohan-191@AWeber.com,Professor,15-01-2018
Kassim person-192,Kassim-192@HubSpot.com,Farmer,01-08-2006
Youssef person-193,Youssef-193@EmailOctopus.com,Engineer,22-11-1990
Aylan person-194,Aylan-194@HubSpot.com,Doctor,19-01-2000
Sohan person-195,Sohan-195@SendPulse.com,Farmer,01-08-2006
Ilyan person-196,Ilyan-196@MailerLite.com,Engineer,22-11-1990
Issa person-197,Issa-197@SendPulse.com,Engineer,22-11-1990
Noam person-198,Noam-198@Sender.com,Farmer,01-08-2006
Kassim person-199,Kassim-199@Beehiiv.com,Doctor,19-01-2000
Ilyes person-200,Ilyes-200@EmailOctopus.com,Doctor,19-01-2000
Zakaria person-201,Zakaria-201@GetResponse.com,Engineer,22-11-1990
Issa person-202,Issa-202@Kit.com,Professor,15-01-2018
Hamza person-203,Hamza-203@Zoho-Campaigns.com,Farmer,01-08-2006
Sohan person-204,Sohan-204@Benchmark.com,Doctor,19-01-2000
Anas person-205,Anas-205@Mailjet.com,Engineer,22-11-1990
Haroun person-206,Haroun-206@Benchmark.com,Professor,15-01-2018
Naim person-207,Naim-207@Sender.com,Engineer,22-11-1990
Issa person-208,Issa-208@HubSpot.com,Engineer,22-11-1990
Ilyes person-209,Ilyes-209@Sender.com,Professor,15-01-2018
Zayn person-210,Zayn-210@Brevo.com,Doctor,19-01-2000
Sohan person-211,Sohan-211@Zoho-Campaigns.com,Professor,15-01-2018
Youssef person-212,Youssef-212@Brevo.com,Professor,15-01-2018
Haroun person-213,Haroun-213@SendPulse.com,Doctor,19-01-2000
Nael person-214,Nael-214@Benchmark.com,Engineer,22-11-1990
Hamza person-215,Hamza-215@HubSpot.com,Farmer,01-08-2006
Ilyes person-216,Ilyes-216@AWeber.com,Engineer,22-11-1990
Younes person-217,Younes-217@Beehiiv.com,Farmer,01-08-2006
Haroun person-218,Haroun-218@Sender.com,Doctor,19-01-2000
Issa person-219,Issa-219@Kit.com,Professor,15-01-2018
Ilyan person-220,Ilyan-220@HubSpot.com,Doctor,19-01-2000
Haroun person-221,Haroun-221@Zoho-Campaigns.com,Doctor,19-01-2000
Kais person-222,Kais-222@Omnisend.com,Professor,15-01-2018
Youssef person-223,Youssef-223@Omnisend.com,Doctor,19-01-2000
Nahil person-224,Nahil-224@SmartrMail.com,Professor,15-01-2018
Issa person-225,Issa-225@Beehiiv.com,Engineer,22-11-1990
Naim person-226,Naim-226@Mailchimp.com,Doctor,19-01-2000
Amir person-227,Amir-227@Benchmark.com,Engineer,22-11-1990
Noam person-228,Noam-228@Brevo.com,Doctor,19-01-2000
Ilyan person-229,Ilyan-229@MailerLite.com,Engineer,22-11-1990
Zakaria person-230,Zakaria-230@Kit.com,Doctor,19-01-2000
Haroun person-231,Haroun-231@SmartrMail.com,Farmer,01-08-2006
Youssef person-232,Youssef-232@EmailOctopus.com,Farmer,01-08-2006
Soan person-233,Soan-233@EmailOctopus.com,Engineer,22-11-1990
Anas person-234,Anas-234@Brevo.com,Engineer,22-11-1990
Rayan person-235,Rayan-235@Benchmark.com,Professor,15-01-2018
Kayden person-236,Kayden-236@Sender.com,Professor,15-01-2018
Rayan person-237,Rayan-237@Brevo.com,Professor,15-01-2018
Zakaria person-238,Zakaria-238@Brevo.com,Engineer,22-11-1990
Imran person-239,Imran-239@EmailOctopus.com,Doctor,19-01-2000
Kassim person-240,Kassim-240@HubSpot.com,Engineer,22-11-1990
Issa person-241,Issa-241@Mailjet.com,Doctor,19-01-2000
Soan person-242,Soan-242@Omnisend.com,Doctor,19-01-2000
Ismael person-243,Ismael-243@Omnisend.com,Doctor,19-01-2000
Rayan person-244,Rayan-244@MailerLite.com,Doctor,19-01-2000
Issa person-245,Issa-245@Mailchimp.com,Professor,15-01-2018
Sohan person-246,Sohan-246@Brevo.com,Engineer,22-11-1990
Soan person-247,Soan-247@AWeber.com,Doctor,19-01-2000
Younes person-248,Younes-248@HubSpot.com,Farmer,01-08-2006
Hamza person-249,Hamza-249@MailerLite.com,Professor,15-01-2018
Ilyan person-250,Ilyan-250@Sender.com,Engineer,22-11-1990
Kayden person-251,Kayden-251@EmailOctopus.com,Professor,15-01-2018
Naim person-252,Naim-252@Zoho-Campaigns.com,Engineer,22-11-1990
Kayden person-253,Kayden-253@Kit.com,Doctor,19-01-2000
Hamza person-254,Hamza-254@Sender.com,Farmer,01-08-2006
Youssef person-255,Youssef-255@Sender.com,Professor,15-01-2018
Sohan person-256,Sohan-256@EmailOctopus.com,Doctor,19-01-2000
Nahil person-257,Nahil-257@Mailchimp.com,Farmer,01-08-2006
Issa person-258,Issa-258@Mailchimp.com,Engineer,22-11-1990
Ayoub person-259,Ayoub-259@Kit.com,Professor,15-01-2018
Haroun person-260,Haroun-260@Mailjet.com,Doctor,19-01-2000
Younes person-261,Younes-261@Beehiiv.com,Engineer,22-11-1990
Ali person-262,Ali-262@Kit.com,Doctor,19-01-2000
Ismail person-263,Ismail-263@SmartrMail.com,Professor,15-01-2018
Mohamed person-264,Mohamed-264@Kit.com,Professor,15-01-2018
Ismael person-265,Ismael-265@HubSpot.com,Professor,15-01-2018
Amir person-266,Amir-266@EmailOctopus.com,Farmer,01-08-2006
Youssef person-267,Youssef-267@Beehiiv.com,Doctor,19-01-2000
Imran person-268,Imran-268@Beehiiv.com,Engineer,22-11-1990
Ilyes person-269,Ilyes-269@GetResponse.com,Engineer,22-11-1990
Ayoub person-270,Ayoub-270@Mailjet.com,Doctor,19-01-2000
Ibrahim person-271,Ibrahim-271@Sender.com,Doctor,19-01-2000
Ismail person-272,Ismail-272@Kit.com,Engineer,22-11-1990
Haroun person-273,Haroun-273@Sender.com,Farmer,01-08-2006
Noam person-274,Noam-274@HubSpot.com,Doctor,19-01-2000
Rayan person-275,Rayan-275@Kit.com,Professor,15-01-2018
Aylan person-276,Aylan-276@Zoho-Campaigns.com,Doctor,19-01-2000
Ismael person-277,Ismael-277@EmailOctopus.com,Farmer,01-08-2006
Noam person-278,Noam-278@EmailOctopus.com,Farmer,01-08-2006
Ali person-279,Ali-279@SmartrMail.com,Engineer,22-11-1990
Nahil person-280,Nahil-280@SendPulse.com,Farmer,01-08-2006
Hamza person-281,Hamza-281@SendPulse.com,Professor,15-01-2018
Anas person-282,Anas-282@Zoho-Campaigns.com,Engineer,22-11-1990
Ismael person-283,Ismael-283@MailerLite.com,Engineer,22-11-1990
Nahil person-284,Nahil-284@Mailchimp.com,Professor,15-01-2018
Kayden person-285,Kayden-285@SmartrMail.com,Engineer,22-11-1990
Zayn person-286,Zayn-286@SendPulse.com,Engineer,22-11-1990
Youssef person-287,Youssef-287@Benchmark.com,Engineer,22-11-1990
Youssef person-288,Youssef-288@SendPulse.com,Professor,15-01-2018
Ilyan person-289,Ilyan-289@Beehiiv.com,Farmer,01-08-2006
Ayoub person-290,Ayoub-290@Brevo.com,Professor,15-01-2018
Ilyan person-291,Ilyan-291@GetResponse.com,Professor,15-01-2018
Naim person-292,Naim-292@Benchmark.com,Farmer,01-08-2006
Younes person-293,Younes-293@Omnisend.com,Engineer,22-11-1990
Ilyes person-294,Ilyes-294@SendPulse.com,Professor,15-01-2018
Imran person-295,Imran-295@SendPulse.com,Engineer,22-11-1990
Rayan person-296,Rayan-296@Benchmark.com,Professor,15-01-2018
Noam person-297,Noam-297@Mailchimp.com,Professor,15-01-2018
Ali person-298,Ali-298@Omnisend.com,Doctor,19-01-2000
Youssef person-299,Youssef-299@SendPulse.com,Farmer,01-08-2006
